TRIMESTRE;CLAVE;N_EMP_CIERRE;N_MUJERES;N_HOMBRES;delegacion
31/12/2016;C0001;37;7;30;724
31/12/2017;C0001;47;18;29;724
31/12/2018;C0001;43;15;28;724
31/12/2019;C0001;42;17;25;724
31/12/2020;C0001;33;12;21;724
31/12/2021;C0001;12;5;7;724
31/12/2016;C0002;41;19;22;724
31/12/2017;C0002;39;20;19;724
31/12/2018;C0002;42;24;18;724
31/12/2019;C0002;0;22;19;724
31/12/2020;C0002;39;20;19;724
31/12/2021;C0002;37;17;20;724
31/12/2016;C0007;24;16;8;724
31/12/2017;C0007;28;0;0;724
31/12/2018;C0007;32;0;0;724
31/12/2019;C0007;38;19;19;724
31/12/2020;C0007;33;16;17;724
31/12/2021;C0007;33;16;17;724
31/12/2016;C0012;42;14;28;724
31/12/2017;C0012;43;16;27;724
31/12/2018;C0012;45;17;28;724
31/12/2019;C0012;44;17;27;724
31/12/2020;C0012;44;18;26;724
31/12/2021;C0012;43;26;17;724
31/12/2016;C0016;70;40;30;724
31/12/2017;C0016;86;39;47;724
31/12/2018;C0016;95;45;50;724
31/12/2019;C0016;99;97;47;724
31/12/2018;C0026;354;155;199;724
31/12/2019;C0026;348;167;181;724
31/12/2020;C0026;344;162;182;724
31/12/2021;C0026;332;158;174;724
31/12/2016;C0031;1495;803;692;724
31/12/2017;C0031;1499;808;691;724
31/12/2018;C0031;1593;854;739;724
31/12/2019;C0031;1621;862;759;724
31/12/2020;C0031;1621;862;759;724
31/12/2021;C0031;1576;826;750;724
31/12/2016;C0032;13;8;5;724
31/12/2017;C0032;13;8;5;724
31/12/2018;C0032;13;8;5;724
31/12/2019;C0032;15;9;6;724
31/12/2020;C0032;14;9;5;724
31/12/2021;C0032;15;10;5;724
31/12/2016;C0037;32;16;26;724
31/12/2017;C0037;35;13;22;724
31/12/2018;C0037;38;18;22;724
31/12/2019;C0037;39;18;21;724
31/12/2020;C0037;40;18;22;724
31/12/2021;C0037;40;21;19;724
31/12/2016;C0039;37;16;21;724
31/12/2017;C0039;51;28;23;724
31/12/2018;C0039;117;61;56;724
31/12/2019;C0039;126;65;61;724
31/12/2020;C0039;127;68;59;724
31/12/2021;C0039;137;75;62;724
31/12/2016;C0046;2891;0;0;724
31/12/2017;C0046;2891;0;0;724
31/12/2018;C0046;2698;1416;1282;724
31/12/2019;C0046;2579;1182;1397;724
31/12/2020;C0046;2571;1181;1390;724
31/12/2021;C0046;2565;1254;1311;724
31/12/2016;C0058;7300;3711;3589;724
31/12/2017;C0058;7365;3842;3523;724
31/12/2018;C0058;7528;3981;3547;724
31/12/2019;C0058;7551;4003;3548;724
31/12/2020;C0058;7483;421;3462;724
31/12/2021;C0058;7432;4072;3360;724
31/12/2016;C0069;108;48;60;724
31/12/2017;C0069;109;49;60;724
31/12/2018;C0069;108;57;51;724
31/12/2019;C0069;109;59;50;724
31/12/2020;C0069;111;58;53;724
31/12/2021;C0069;104;58;49;724
31/12/2016;C0072;969;293;676;724
31/12/2017;C0072;936;289;647;724
31/12/2018;C0072;929;296;633;724
31/12/2019;C0072;930;306;624;724
31/12/2020;C0072;31;18;13;724
31/12/2021;C0072;939;327;612;724
31/12/2016;C0075;142;77;65;724
31/12/2017;C0075;150;69;81;724
31/12/2018;C0075;156;87;69;724
31/12/2019;C0075;145;73;72;724
31/12/2020;C0075;148;71;77;724
31/12/2021;C0075;143;67;76;724
31/12/2016;C0089;178;87;97;724
31/12/2017;C0089;170;80;90;724
31/12/2018;C0089;174;77;97;724
31/12/2019;C0089;170;78;91;724
31/12/2020;C0089;170;74;96;724
31/12/2021;C0089;165;73;92;724
31/12/2016;C0109;2302;1098;1204;724
31/12/2017;C0109;2325;1121;1204;724
31/12/2018;C0109;2270;1099;1171;724
31/12/2019;C0109;2117;1033;1084;724
31/12/2020;C0109;1948;976;972;724
31/12/2021;C0109;1856;951;905;724
31/12/2016;C0114;7;4;2;724
31/12/2017;C0114;7;4;3;724
31/12/2018;C0114;7;4;3;724
31/12/2019;C0114;6;4;2;724
31/12/2020;C0114;6;4;2;724
31/12/2021;C0114;6;4;2;724
31/12/2016;C0120;6;2;4;724
31/12/2017;C0120;6;2;4;724
31/12/2018;C0120;6;2;4;724
31/12/2019;C0120;6;5;3;724
31/12/2020;C0120;6;2;4;724
31/12/2021;C0120;5;2;3;724
31/12/2016;C0121;92;36;56;724
31/12/2017;C0121;16;7;6;724
31/12/2018;C0121;15;6;9;724
31/12/2019;C0121;15;7;8;724
31/12/2020;C0121;15;8;7;724
31/12/2021;C0121;15;8;7;724
31/12/2016;C0124;1632;667;965;724
31/12/2017;C0124;1675;995;680;724
31/12/2018;C0124;1753;1044;709;724
31/12/2019;C0124;1818;1080;738;724
31/12/2020;C0124;1815;1097;718;724
31/12/2021;C0124;1844;1138;706;724
31/12/2016;C0133;1601;422;1210;724
31/12/2017;C0133;1614;453;1192;724
31/12/2018;C0133;1635;460;1175;724
31/12/2019;C0133;1648;490;1189;724
31/12/2020;C0133;1662;516;1173;724
31/12/2021;C0133;1692;550;1142;724
31/12/2016;C0139;131;52;79;724
31/12/2017;C0139;126;51;75;724
31/12/2018;C0139;125;53;72;724
31/12/2019;C0139;129;56;73;724
31/12/2020;C0139;120;51;69;724
31/12/2021;C0139;122;53;69;724
31/12/2016;C0140;22;16;6;724
31/12/2017;C0140;26;17;9;724
31/12/2018;C0140;31;22;9;724
31/12/2019;C0140;32;24;8;724
31/12/2020;C0140;34;24;10;724
31/12/2021;C0140;37;26;11;724
31/12/2016;C0149;30;19;11;724
31/12/2017;C0149;30;19;11;724
31/12/2016;C0155;294;159;135;724
31/12/2017;C0155;316;181;135;724
31/12/2018;C0155;312;182;130;724
31/12/2019;C0155;302;182;120;724
31/12/2020;C0155;0;198;114;724
31/12/2021;C0155;324;207;117;724
31/12/2016;C0157;576;250;326;724
31/12/2017;C0157;580;254;326;724
31/12/2018;C0157;578;255;323;724
31/12/2019;C0157;573;254;319;724
31/12/2020;C0157;574;253;321;724
31/12/2021;C0157;589;259;330;724
31/12/2016;C0159;3;3;0;724
31/12/2016;C0161;756;463;293;724
31/12/2017;C0161;752;455;297;724
31/12/2018;C0161;741;450;291;724
31/12/2019;C0161;731;447;284;724
31/12/2020;C0161;742;454;288;724
31/12/2021;C0161;779;471;308;724
31/12/2016;C0174;616;207;409;724
31/12/2017;C0174;646;226;420;724
31/12/2018;C0174;664;234;430;724
31/12/2019;C0174;681;232;449;724
31/12/2020;C0174;746;261;485;724
31/12/2021;C0174;801;293;508;724
31/12/2016;C0188;105;40;65;724
31/12/2017;C0188;104;39;65;724
31/12/2018;C0188;101;37;64;724
31/12/2019;C0188;100;39;61;724
31/12/2020;C0188;99;40;59;724
31/12/2021;C0188;97;38;59;724
31/12/2016;C0208;13;9;4;724
31/12/2017;C0208;12;8;4;724
31/12/2018;C0208;11;7;4;724
31/12/2019;C0208;11;7;4;724
31/12/2020;C0208;9;5;4;724
31/12/2021;C0208;9;5;4;724
31/12/2016;C0215;40;26;14;724
31/12/2017;C0215;41;26;15;724
31/12/2018;C0215;0;26;16;724
31/12/2019;C0215;44;27;17;724
31/12/2020;C0215;45;28;17;724
31/12/2021;C0215;47;31;16;724
31/12/2016;C0222;24;14;10;724
31/12/2017;C0222;24;14;10;724
31/12/2018;C0222;29;16;13;724
31/12/2019;C0222;29;15;14;724
31/12/2020;C0222;26;15;11;724
31/12/2021;C0222;27;15;12;724
31/12/2016;C0223;84;56;29;724
31/12/2017;C0223;91;61;30;724
31/12/2018;C0223;100;73;27;724
31/12/2019;C0223;110;84;26;724
31/12/2020;C0223;108;82;26;724
31/12/2021;C0223;114;83;31;724
31/12/2016;C0225;37;26;11;724
31/12/2017;C0225;38;26;12;724
31/12/2018;C0225;41;30;11;724
31/12/2019;C0225;41;29;12;724
31/12/2020;C0225;36;25;11;724
31/12/2021;C0225;38;27;11;724
31/12/2016;C0247;23;19;5;724
31/12/2017;C0247;21;18;3;724
31/12/2018;C0247;21;18;3;724
31/12/2019;C0247;16;14;2;724
31/12/2020;C0247;10;7;3;724
31/12/2021;C0247;13;10;4;724
31/12/2016;C0275;267;112;140;724
31/12/2017;C0275;267;115;138;724
31/12/2018;C0275;289;137;152;724
31/12/2019;C0275;277;135;142;724
31/12/2020;C0275;262;126;136;724
31/12/2021;C0275;260;146;114;724
31/12/2016;C0279;99;44;55;724
31/12/2017;C0279;97;43;54;724
31/12/2018;C0279;99;44;55;724
31/12/2019;C0279;96;44;52;724
31/12/2020;C0279;98;46;52;724
31/12/2021;C0279;95;45;50;724
31/12/2016;C0290;22;14;8;724
31/12/2017;C0290;20;13;7;724
31/12/2018;C0290;1;0;0;724
31/12/2019;C0290;16;11;5;724
31/12/2016;C0311;63;33;42;724
31/12/2017;C0311;66;36;30;724
31/12/2018;C0311;67;36;30;724
31/12/2019;C0311;65;34;31;724
31/12/2020;C0311;65;34;31;724
31/12/2021;C0311;69;32;37;724
31/12/2020;C0016;110;57;53;724
31/12/2021;C0016;103;53;50;724
31/12/2016;C0026;367;163;204;724
31/12/2017;C0026;367;163;204;724
31/12/2016;C0315;5;2;3;724
31/12/2017;C0315;6;2;4;724
31/12/2018;C0315;6;2;4;724
31/12/2019;C0315;6;2;4;724
31/12/2020;C0315;6;2;4;724
31/12/2021;C0315;7;3;4;724
31/12/2016;C0320;1043;685;358;724
31/12/2017;C0320;1055;667;388;724
31/12/2018;C0320;1068;676;392;724
31/12/2019;C0320;1066;673;393;724
31/12/2020;C0320;1067;664;403;724
31/12/2021;C0320;1035;655;380;724
31/12/2016;C0323;3;0;3;724
31/12/2017;C0323;3;0;3;724
31/12/2018;C0323;3;0;3;724
31/12/2019;C0323;2;2;0;724
31/12/2020;C0323;2;0;2;724
31/12/2021;C0323;3;0;3;724
31/12/2016;C0325;31;20;11;724
31/12/2017;C0325;36;23;13;724
31/12/2018;C0325;40;25;15;724
31/12/2019;C0325;44;15;29;724
31/12/2020;C0325;40;25;15;724
31/12/2021;C0325;42;28;14;724
31/12/2016;C0353;20;17;3;724
31/12/2017;C0353;21;18;3;724
31/12/2018;C0353;20;17;3;724
31/12/2019;C0353;20;17;3;724
31/12/2020;C0353;20;17;3;724
31/12/2021;C0353;22;19;3;724
31/12/2016;C0355;1;0;0;724
31/12/2017;C0355;1;0;1;724
31/12/2018;C0355;1;0;1;724
31/12/2019;C0355;1;0;1;724
31/12/2020;C0355;1;0;1;724
31/12/2021;C0355;9;6;3;724
31/12/2016;C0368;40;30;10;724
31/12/2017;C0368;38;23;15;724
31/12/2018;C0368;39;0;0;724
31/12/2019;C0368;0;23;18;724
31/12/2020;C0368;0;21;18;724
31/12/2021;C0368;0;23;18;724
31/12/2016;C0384;38;23;15;724
31/12/2017;C0384;39;23;16;724
31/12/2018;C0384;40;24;16;724
31/12/2019;C0384;42;25;17;724
31/12/2020;C0384;42;24;18;724
31/12/2021;C0384;41;23;18;724
31/12/2016;C0388;2;2;0;724
31/12/2017;C0388;2;2;0;724
31/12/2018;C0388;2;2;0;724
31/12/2016;C0391;32;22;10;724
31/12/2017;C0391;34;24;10;724
31/12/2018;C0391;34;24;10;724
31/12/2019;C0391;35;26;9;724
31/12/2020;C0391;34;26;8;724
31/12/2021;C0391;42;30;8;724
31/12/2016;C0394;16;10;6;724
31/12/2017;C0394;17;10;7;724
31/12/2018;C0394;17;10;7;724
31/12/2019;C0394;26;19;7;724
31/12/2020;C0394;23;17;6;724
31/12/2021;C0394;23;17;6;724
31/12/2016;C0396;133;82;51;724
31/12/2017;C0396;134;83;51;724
31/12/2018;C0396;126;77;49;724
31/12/2019;C0396;125;73;52;724
31/12/2020;C0396;123;72;51;724
31/12/2021;C0396;130;82;48;724
31/12/2016;C0414;6;5;1;724
31/12/2016;C0416;154;95;59;724
31/12/2017;C0416;149;88;61;724
31/12/2018;C0416;151;89;62;724
31/12/2019;C0416;156;88;68;724
31/12/2020;C0416;149;86;63;724
31/12/2021;C0416;151;89;62;724
31/12/2016;C0437;54;40;14;724
31/12/2017;C0437;61;45;16;724
31/12/2018;C0437;69;50;19;724
31/12/2019;C0437;73;54;19;724
31/12/2020;C0437;95;67;28;724
31/12/2021;C0437;95;67;28;724
31/12/2016;C0448;45;28;17;724
31/12/2017;C0448;40;24;16;724
31/12/2018;C0448;45;14;31;724
31/12/2019;C0448;45;14;31;724
31/12/2020;C0448;46;28;18;724
31/12/2021;C0448;48;28;20;724
31/12/2016;C0461;840;508;332;724
31/12/2017;C0461;835;510;325;724
31/12/2018;C0461;919;563;356;724
31/12/2019;C0461;903;549;354;724
31/12/2020;C0461;903;549;354;724
31/12/2021;C0461;903;549;354;724
31/12/2016;C0465;15;7;8;724
31/12/2017;C0465;17;9;8;724
31/12/2018;C0465;16;8;8;724
31/12/2019;C0465;16;9;7;724
31/12/2020;C0465;16;9;7;724
31/12/2021;C0465;16;9;7;724
31/12/2016;C0467;1117;727;390;724
31/12/2017;C0467;1094;714;380;724
31/12/2018;C0467;1094;714;380;724
31/12/2019;C0467;1760;1078;682;724
31/12/2020;C0467;1811;1140;671;724
31/12/2021;C0467;1611;1031;580;724
31/12/2016;C0468;817;301;516;724
31/12/2017;C0468;795;291;504;724
31/12/2018;C0468;710;252;458;724
31/12/2019;C0468;710;252;458;724
31/12/2020;C0468;617;202;415;724
31/12/2021;C0468;567;180;387;724
31/12/2016;C0494;153;63;90;724
31/12/2017;C0494;150;94;63;724
31/12/2018;C0494;148;91;57;724
31/12/2019;C0494;143;53;90;724
31/12/2020;C0494;122;75;47;724
31/12/2021;C0494;22;12;10;724
31/12/2016;C0502;132;87;45;724
31/12/2017;C0502;151;103;48;724
31/12/2018;C0502;158;106;52;724
31/12/2019;C0502;159;108;51;724
31/12/2020;C0502;122;82;40;724
31/12/2021;C0502;119;81;38;724
31/12/2016;C0511;736;366;370;724
31/12/2017;C0511;1042;450;592;724
31/12/2018;C0511;1040;452;588;724
31/12/2019;C0511;1055;463;592;724
31/12/2020;C0511;1328;606;722;724
31/12/2021;C0511;1263;568;695;724
31/12/2016;C0516;447;264;190;724
31/12/2017;C0516;424;260;178;724
31/12/2018;C0516;401;243;158;724
31/12/2019;C0516;422;255;167;724
31/12/2020;C0516;422;255;167;724
31/12/2021;C0516;419;246;173;724
31/12/2016;C0517;618;261;357;724
31/12/2017;C0517;609;258;351;724
31/12/2018;C0517;531;211;320;724
31/12/2019;C0517;515;211;304;724
31/12/2020;C0517;471;194;277;724
31/12/2021;C0517;436;178;258;724
31/12/2016;C0557;40;21;19;724
31/12/2017;C0557;47;27;18;724
31/12/2018;C0557;122;74;48;724
31/12/2019;C0557;132;79;53;724
31/12/2020;C0557;139;80;59;724
31/12/2021;C0557;166;102;64;724
31/12/2016;C0559;7;3;4;724
31/12/2017;C0559;7;4;3;724
31/12/2018;C0559;9;4;5;724
31/12/2019;C0559;197;79;118;724
31/12/2020;C0559;181;110;71;724
31/12/2021;C0559;166;104;62;724
31/12/2016;C0569;4;1;3;724
31/12/2016;C0571;180;82;98;724
31/12/2017;C0571;191;84;102;724
31/12/2018;C0571;207;98;109;724
31/12/2019;C0571;233;109;124;724
31/12/2020;C0571;237;110;127;724
31/12/2021;C0571;237;126;111;724
31/12/2016;C0572;119;46;73;724
31/12/2017;C0572;116;72;44;724
31/12/2018;C0572;116;74;42;724
31/12/2019;C0572;109;71;38;724
31/12/2020;C0572;108;70;38;724
31/12/2021;C0572;107;71;36;724
31/12/2016;C0595;2;2;0;724
31/12/2017;C0595;2;2;0;724
31/12/2018;C0595;2;2;0;724
31/12/2019;C0595;1;1;0;724
31/12/2020;C0595;2;2;0;724
31/12/2021;C0595;2;2;0;724
31/12/2016;C0599;17;4;13;724
31/12/2016;C0601;14;4;10;724
31/12/2017;C0601;10;4;6;724
31/12/2018;C0601;14;6;8;724
31/12/2019;C0601;9;2;7;724
31/12/2020;C0601;6;2;4;724
31/12/2021;C0601;5;2;3;724
31/12/2016;C0610;14;11;3;724
31/12/2017;C0610;14;11;3;724
31/12/2018;C0610;15;11;4;724
31/12/2019;C0610;16;25;19;724
31/12/2020;C0610;16;12;4;724
31/12/2021;C0610;15;10;5;724
31/12/2016;C0611;501;286;215;724
31/12/2017;C0611;520;288;232;724
31/12/2018;C0611;527;285;242;724
31/12/2019;C0611;596;319;277;724
31/12/2020;C0611;621;333;288;724
31/12/2021;C0611;648;346;302;724
31/12/2016;C0613;878;397;481;724
31/12/2017;C0613;909;422;487;724
31/12/2018;C0613;927;446;481;724
31/12/2019;C0613;950;463;487;724
31/12/2020;C0613;964;486;478;724
31/12/2021;C0613;955;491;464;724
31/12/2016;C0616;5;3;2;724
31/12/2017;C0616;5;3;2;724
31/12/2018;C0616;5;3;2;724
31/12/2019;C0616;5;3;2;724
31/12/2020;C0616;4;3;1;724
31/12/2021;C0616;4;3;1;724
31/12/2016;C0619;43;28;15;724
31/12/2017;C0619;39;24;15;724
31/12/2018;C0619;40;25;15;724
31/12/2016;C0626;11;6;5;724
31/12/2017;C0626;10;4;6;724
31/12/2018;C0626;11;5;6;724
31/12/2019;C0626;11;5;6;724
31/12/2020;C0626;10;5;5;724
31/12/2021;C0626;10;5;5;724
31/12/2016;C0627;197;135;62;724
31/12/2017;C0627;202;135;67;724
31/12/2018;C0627;224;150;74;724
31/12/2019;C0627;241;166;75;724
31/12/2020;C0627;246;170;76;724
31/12/2021;C0627;28;16;12;724
31/12/2016;C0628;13;6;7;724
31/12/2017;C0628;15;7;8;724
31/12/2018;C0628;22;10;12;724
31/12/2019;C0628;42;26;16;724
31/12/2020;C0628;51;30;21;724
31/12/2021;C0628;53;29;24;724
31/12/2016;C0631;31;21;10;724
31/12/2017;C0631;34;21;13;724
31/12/2018;C0631;33;18;15;724
31/12/2019;C0631;35;24;11;724
31/12/2020;C0631;36;23;13;724
31/12/2021;C0631;35;22;13;724
31/12/2016;C0637;15;7;8;724
31/12/2017;C0637;15;7;8;724
31/12/2018;C0637;25;15;10;724
31/12/2019;C0637;24;14;10;724
31/12/2020;C0637;23;14;9;724
31/12/2021;C0637;23;14;9;724
31/12/2016;C0643;25;14;11;724
31/12/2017;C0643;26;14;12;724
31/12/2018;C0643;26;14;12;724
31/12/2019;C0643;25;14;11;724
31/12/2020;C0643;25;14;11;724
31/12/2021;C0643;25;14;11;724
31/12/2016;C0652;7;1;6;724
31/12/2017;C0652;7;1;6;724
31/12/2018;C0652;7;1;6;724
31/12/2016;C0654;48;21;27;724
31/12/2017;C0654;52;24;28;724
31/12/2018;C0654;53;24;29;724
31/12/2019;C0654;53;24;29;724
31/12/2020;C0654;53;23;30;724
31/12/2021;C0654;54;24;30;724
31/12/2016;C0668;226;139;79;724
31/12/2017;C0668;235;143;82;724
31/12/2018;C0668;228;144;84;724
31/12/2016;C0676;1048;540;508;724
31/12/2017;C0676;966;472;494;724
31/12/2018;C0676;989;475;514;724
31/12/2019;C0676;865;440;439;724
31/12/2020;C0676;3549;0;0;724
31/12/2021;C0676;581;290;291;724
31/12/2016;C0677;23;14;9;724
31/12/2017;C0677;29;18;11;724
31/12/2018;C0677;37;20;17;724
31/12/2019;C0677;38;22;16;724
31/12/2020;C0677;48;23;25;724
31/12/2021;C0677;54;24;30;724
31/12/2016;C0679;12;8;4;724
31/12/2017;C0679;7;6;4;724
31/12/2016;C0682;20;10;10;724
31/12/2017;C0682;13;5;8;724
31/12/2018;C0682;25;13;12;724
31/12/2019;C0682;16;8;8;724
31/12/2020;C0682;4;1;3;724
31/12/2021;C0682;5;1;4;724
31/12/2016;C0683;7;6;1;724
31/12/2017;C0683;7;6;1;724
31/12/2018;C0683;7;6;1;724
31/12/2019;C0683;7;5;2;724
31/12/2020;C0683;8;6;2;724
31/12/2021;C0683;7;5;2;724
31/12/2016;C0688;48;31;17;724
31/12/2017;C0688;42;28;14;724
31/12/2018;C0688;43;29;14;724
31/12/2019;C0688;28;21;7;724
31/12/2020;C0688;27;20;7;724
31/12/2016;C0692;274;203;71;724
31/12/2016;C0693;8;3;5;724
31/12/2017;C0693;9;4;5;724
31/12/2018;C0693;9;4;5;724
31/12/2019;C0693;9;4;5;724
31/12/2020;C0693;9;4;5;724
31/12/2021;C0693;6;2;4;724
31/12/2016;C0694;77;30;47;724
31/12/2017;C0694;76;32;44;724
31/12/2018;C0694;225;133;92;724
31/12/2019;C0694;74;30;44;724
31/12/2020;C0694;74;30;44;724
31/12/2016;C0696;7;3;4;724
31/12/2017;C0696;6;2;4;724
31/12/2018;C0696;7;3;4;724
31/12/2019;C0696;6;3;3;724
31/12/2020;C0696;5;2;3;724
31/12/2021;C0696;5;2;3;724
31/12/2016;C0697;123;85;38;724
31/12/2017;C0697;131;88;43;724
31/12/2018;C0697;153;98;55;724
31/12/2019;C0697;157;99;58;724
31/12/2020;C0697;166;105;61;724
31/12/2021;C0697;166;103;63;724
31/12/2016;C0706;120;91;29;724
31/12/2017;C0706;125;96;29;724
31/12/2018;C0706;125;96;29;724
31/12/2019;C0706;115;90;25;724
31/12/2020;C0706;117;85;32;724
31/12/2021;C0706;161;80;81;724
31/12/2016;C0708;230;144;86;724
31/12/2017;C0708;245;148;9;724
31/12/2018;C0708;266;158;107;724
31/12/2019;C0708;277;157;120;724
31/12/2020;C0708;294;167;127;724
31/12/2021;C0708;291;168;123;724
31/12/2016;C0709;39;22;17;724
31/12/2017;C0709;39;23;16;724
31/12/2018;C0709;36;21;15;724
31/12/2019;C0709;49;29;20;724
31/12/2020;C0709;47;28;19;724
31/12/2021;C0709;48;30;23;724
31/12/2016;C0711;134;76;58;724
31/12/2017;C0711;148;86;62;724
31/12/2018;C0711;136;79;57;724
31/12/2019;C0711;127;78;49;724
31/12/2020;C0711;119;76;43;724
31/12/2021;C0711;108;68;40;724
31/12/2016;C0715;171;87;84;724
31/12/2017;C0715;171;88;83;724
31/12/2018;C0715;173;93;80;724
31/12/2019;C0715;172;90;82;724
31/12/2020;C0715;173;93;80;724
31/12/2021;C0715;174;94;80;724
31/12/2016;C0720;1758;1079;678;724
31/12/2017;C0720;1901;1159;742;724
31/12/2018;C0720;2012;1215;797;724
31/12/2019;C0720;2102;1251;851;724
31/12/2020;C0720;2204;1335;868;724
31/12/2021;C0720;2227;1352;875;724
31/12/2016;C0721;41;32;9;724
31/12/2017;C0721;46;37;9;724
31/12/2018;C0721;46;37;9;724
31/12/2019;C0721;49;39;10;724
31/12/2020;C0721;52;41;11;724
31/12/2021;C0721;52;41;11;724
31/12/2016;C0723;2193;1300;893;724
31/12/2017;C0723;2131;1277;854;724
31/12/2018;C0723;2091;1273;818;724
31/12/2019;C0723;2206;1387;819;724
31/12/2020;C0723;2133;1360;773;724
31/12/2021;C0723;2071;1327;744;724
31/12/2016;C0724;25;17;8;724
31/12/2016;C0730;327;209;118;724
31/12/2017;C0730;322;205;117;724
31/12/2018;C0730;236;166;70;724
31/12/2016;C0732;274;141;133;724
31/12/2017;C0732;293;142;151;724
31/12/2016;C0735;5;3;2;724
31/12/2017;C0735;5;3;2;724
31/12/2016;C0736;425;234;191;724
31/12/2017;C0736;463;253;210;724
31/12/2018;C0736;478;262;216;724
31/12/2019;C0736;476;256;220;724
31/12/2020;C0736;424;226;198;724
31/12/2021;C0736;422;221;201;724
31/12/2016;C0737;24;12;12;724
31/12/2017;C0737;33;13;20;724
31/12/2018;C0737;33;12;21;724
31/12/2019;C0737;34;15;19;724
31/12/2020;C0737;78;38;40;724
31/12/2021;C0737;74;33;41;724
31/12/2016;C0739;9;8;1;724
31/12/2017;C0739;9;8;1;724
31/12/2016;C0744;7;3;4;724
31/12/2017;C0744;5;2;3;724
31/12/2018;C0744;6;2;4;724
31/12/2019;C0744;6;2;4;724
31/12/2020;C0744;6;2;4;724
31/12/2021;C0744;6;2;4;724
31/12/2016;C0754;11;6;4;724
31/12/2017;C0754;10;6;4;724
31/12/2018;C0754;10;6;4;724
31/12/2019;C0754;10;6;4;724
31/12/2020;C0754;11;7;4;724
31/12/2021;C0754;11;9;3;724
31/12/2016;C0756;19;10;9;724
31/12/2017;C0756;19;10;9;724
31/12/2018;C0756;18;10;8;724
31/12/2019;C0756;18;10;8;724
31/12/2020;C0756;19;10;9;724
31/12/2021;C0756;19;10;9;724
31/12/2016;C0757;28;16;12;724
31/12/2017;C0757;28;15;13;724
31/12/2018;C0757;27;15;12;724
31/12/2019;C0757;29;17;12;724
31/12/2020;C0757;31;18;13;724
31/12/2021;C0757;33;20;13;724
31/12/2016;C0758;113;68;45;724
31/12/2017;C0758;120;74;46;724
31/12/2018;C0758;121;74;47;724
31/12/2019;C0758;125;77;48;724
31/12/2020;C0758;149;96;53;724
31/12/2021;C0758;160;99;61;724
31/12/2016;C0761;8;2;6;724
31/12/2016;C0765;4;4;0;724
31/12/2017;C0765;3;3;0;724
31/12/2016;C0767;19;16;3;724
31/12/2017;C0767;31;19;12;724
31/12/2018;C0767;56;33;23;724
31/12/2019;C0767;70;42;28;724
31/12/2020;C0767;92;54;38;724
31/12/2021;C0767;107;63;44;724
31/12/2016;C0769;9;6;3;724
31/12/2017;C0769;9;6;3;724
31/12/2018;C0769;8;6;2;724
31/12/2019;C0769;7;4;3;724
31/12/2016;C0770;10;6;4;724
31/12/2017;C0770;9;5;4;724
31/12/2018;C0770;8;5;3;724
31/12/2019;C0770;7;3;4;724
31/12/2016;C0771;20;11;9;724
31/12/2017;C0771;19;10;9;724
31/12/2018;C0771;16;5;11;724
31/12/2019;C0771;20;6;14;724
31/12/2020;C0771;15;6;9;724
31/12/2021;C0771;18;7;11;724
31/12/2016;C0772;5;3;2;724
31/12/2017;C0772;5;3;2;724
31/12/2016;C0775;27;27;0;724
31/12/2017;C0775;21;20;1;724
31/12/2018;C0775;0;0;0;724
31/12/2016;C0777;11;5;6;724
31/12/2017;C0777;12;7;5;724
31/12/2018;C0777;12;6;6;724
31/12/2019;C0777;13;7;6;724
31/12/2020;C0777;11;7;4;724
31/12/2021;C0777;17;7;10;724
31/12/2016;C0778;42;20;22;724
31/12/2017;C0778;38;18;20;724
31/12/2018;C0778;39;21;18;724
31/12/2019;C0778;44;25;19;724
31/12/2020;C0778;43;25;18;724
31/12/2021;C0778;55;33;22;724
31/12/2016;C0780;13;5;8;724
31/12/2017;C0780;14;6;8;724
31/12/2018;C0780;14;6;8;724
31/12/2019;C0780;14;6;8;724
31/12/2020;C0780;15;7;8;724
31/12/2021;C0780;15;7;8;724
31/12/2016;C0781;25;4;21;724
31/12/2017;C0781;26;5;21;724
31/12/2016;C0784;21;12;9;724
31/12/2017;C0784;25;10;15;724
31/12/2018;C0784;24;12;0;724
31/12/2019;C0784;25;15;10;724
31/12/2020;C0784;29;16;13;724
31/12/2021;C0784;27;16;11;724
31/12/2016;C0785;283;174;109;724
31/12/2017;C0785;166;112;54;724
31/12/2018;C0785;95;50;45;724
31/12/2019;C0785;92;49;43;724
31/12/2020;C0785;93;49;44;724
31/12/2021;C0785;100;47;53;724
31/12/2016;C0786;36;17;19;724
31/12/2017;C0786;39;20;19;724
31/12/2018;C0786;49;25;24;724
31/12/2016;C0789;103;39;64;724
31/12/2017;C0789;107;44;63;724
31/12/2018;C0789;89;38;51;724
31/12/2019;C0789;85;53;32;724
31/12/2020;C0789;79;50;29;724
31/12/2021;C0789;69;25;50;724
31/12/2016;C0790;110;64;47;724
31/12/2017;C0790;102;65;39;724
31/12/2018;C0790;95;59;36;724
31/12/2019;C0790;92;63;29;724
31/12/2020;C0790;88;59;29;724
31/12/2021;C0790;86;58;28;724
31/12/2016;C0791;2;0;2;724
31/12/2017;C0791;1;0;1;724
31/12/2018;C0791;1;0;1;724
31/12/2019;C0791;1;0;1;724
31/12/2020;C0791;1;0;1;724
31/12/2021;C0791;1;0;1;724
31/12/2016;C0793;3;2;1;724
31/12/2017;C0793;7;4;3;724
31/12/2018;C0793;7;4;3;724
31/12/2019;C0793;8;3;5;724
31/12/2020;C0793;8;3;5;724
31/12/2021;C0793;8;3;5;724
31/12/2016;C0794;733;288;445;724
31/12/2017;C0794;702;279;423;724
31/12/2018;C0794;664;273;391;724
31/12/2019;C0794;612;259;353;724
31/12/2020;C0794;561;243;318;724
31/12/2021;C0794;545;242;303;724
31/12/2016;C0795;41;18;25;724
31/12/2017;C0795;55;33;22;724
31/12/2018;C0795;56;26;30;724
31/12/2019;C0795;56;26;30;724
31/12/2020;C0795;56;26;30;724
31/12/2021;C0795;18;9;9;724
31/12/2016;C0796;41;15;26;724
31/12/2017;C0796;56;39;17;724
31/12/2018;C0796;67;15;42;724
31/12/2019;C0796;58;0;0;724
31/12/2020;C0796;9;0;0;724
31/12/2021;C0796;16;5;11;724
31/12/2016;C0797;24;12;12;724
31/12/2017;C0797;21;10;11;724
31/12/2018;C0797;21;10;11;724
31/12/2019;C0797;20;11;9;724
31/12/2020;C0797;20;9;11;724
31/12/2021;C0797;21;12;9;724
31/12/2016;C0801;7;2;5;724
31/12/2017;C0801;5;2;3;724
31/12/2018;C0801;7;2;5;724
31/12/2019;C0801;16;7;9;724
31/12/2020;C0801;16;7;9;724
31/12/2021;C0801;16;7;9;724
31/12/2016;C0802;1;0;0;724
31/12/2017;C0802;14;7;7;724
31/12/2018;C0802;17;8;9;724
31/12/2019;C0802;23;11;12;724
31/12/2020;C0802;23;11;12;724
31/12/2021;C0802;22;12;10;724
31/12/2017;C0803;1;0;1;724
31/12/2018;C0803;3;0;3;724
31/12/2019;C0803;2;0;2;724
31/12/2020;C0803;2;0;2;724
31/12/2021;C0803;2;0;2;724
31/12/2019;C0804;10;9;1;724
31/12/2020;C0804;27;12;15;724
31/12/2021;C0804;23;11;12;724
31/12/2019;C0805;194;113;81;724
31/12/2020;C0805;219;120;99;724
31/12/2021;C0805;253;142;111;724
31/12/2019;C0806;3;1;2;724
31/12/2020;C0806;11;4;7;724
31/12/2021;C0806;12;4;8;724
31/12/2020;C0807;54;33;21;724
31/12/2021;C0807;68;42;26;724
31/12/2020;C0808;44;22;22;724
31/12/2021;C0808;56;25;31;724
31/12/2021;C0809;12;4;8;724
31/12/2021;C0810;20;12;8;724
31/12/2017;E0223;2;0;0;724
31/12/2018;E0223;2;0;0;724
31/12/2019;E0223;7;0;0;724
31/12/2020;E0223;1;0;0;724
31/12/2021;E0223;11;4;7;724
31/12/2016;M0046;8;3;5;724
31/12/2017;M0046;8;3;5;724
31/12/2018;M0046;7;3;4;724
31/12/2019;M0046;7;3;4;724
31/12/2020;M0046;7;3;4;724
31/12/2021;M0046;7;4;3;724
31/12/2016;M0050;615;365;250;724
31/12/2017;M0050;598;356;242;724
31/12/2018;M0050;540;321;219;724
31/12/2019;M0050;514;310;204;724
31/12/2020;M0050;510;310;200;724
31/12/2021;M0050;489;301;188;724
31/12/2016;M0083;1376;703;673;724
31/12/2017;M0083;1387;698;689;724
31/12/2018;M0083;1480;750;730;724
31/12/2019;M0083;1623;848;775;724
31/12/2020;M0083;1592;846;746;724
31/12/2021;M0083;1599;875;724;724
31/12/2016;M0084;195;94;101;724
31/12/2017;M0084;191;91;100;724
31/12/2018;M0084;181;91;90;724
31/12/2019;M0084;144;66;78;724
31/12/2020;M0084;145;69;76;724
31/12/2021;M0084;149;69;80;724
31/12/2016;M0102;43;21;22;724
31/12/2017;M0102;47;22;25;724
31/12/2018;M0102;50;24;26;724
31/12/2019;M0102;51;26;25;724
31/12/2020;M0102;46;25;21;724
31/12/2021;M0102;44;25;19;724
31/12/2016;M0107;52;23;29;724
31/12/2017;M0107;51;21;30;724
31/12/2018;M0107;48;22;26;724
31/12/2019;M0107;47;22;25;724
31/12/2020;M0107;44;20;24;724
31/12/2021;M0107;45;20;25;724
31/12/2016;M0124;4;0;4;724
31/12/2017;M0124;4;0;4;724
31/12/2018;M0124;4;0;4;724
31/12/2019;M0124;4;0;4;724
31/12/2020;M0124;5;0;5;724
31/12/2021;M0124;4;0;4;724
31/12/2016;M0134;878;475;403;724
31/12/2017;M0134;873;471;402;724
31/12/2018;M0134;873;479;396;724
31/12/2019;M0134;862;481;381;724
31/12/2020;M0134;869;490;379;724
31/12/2021;M0134;858;488;370;724
31/12/2016;M0140;58;29;29;724
31/12/2017;M0140;60;31;29;724
31/12/2018;M0140;58;28;30;724
31/12/2019;M0140;55;27;28;724
31/12/2020;M0140;52;26;26;724
31/12/2021;M0140;50;26;24;724
31/12/2016;M0167;11;4;7;724
31/12/2017;M0167;11;4;7;724
31/12/2018;M0167;12;4;8;724
31/12/2019;M0167;12;5;7;724
31/12/2020;M0167;11;5;6;724
31/12/2021;M0167;9;3;6;724
31/12/2016;M0177;3;2;1;724
31/12/2017;M0177;3;2;1;724
31/12/2018;M0177;3;2;1;724
31/12/2019;M0177;3;2;1;724
31/12/2020;M0177;3;2;1;724
31/12/2021;M0177;3;2;1;724
31/12/2016;M0189;3;1;2;724
31/12/2017;M0189;3;1;2;724
31/12/2018;M0189;3;1;2;724
31/12/2019;M0189;3;1;2;724
31/12/2020;M0189;3;1;2;724
31/12/2021;M0189;3;1;2;724
31/12/2016;M0191;45;7;38;724
31/12/2017;M0191;50;7;43;724
31/12/2018;M0191;60;12;48;724
31/12/2019;M0191;60;14;46;724
31/12/2020;M0191;61;15;46;724
31/12/2021;M0191;61;17;44;724
31/12/2016;M0199;142;71;71;724
31/12/2017;M0199;143;71;72;724
31/12/2018;M0199;149;77;72;724
31/12/2019;M0199;172;95;77;724
31/12/2020;M0199;151;82;69;724
31/12/2021;M0199;159;87;72;724
31/12/2016;M0212;6;2;4;724
31/12/2017;M0212;6;2;4;724
31/12/2018;M0212;6;2;4;724
31/12/2019;M0212;6;2;4;724
31/12/2020;M0212;7;2;4;724
31/12/2021;M0212;8;4;4;724
31/12/2016;M0216;78;35;43;724
31/12/2017;M0216;85;40;45;724
31/12/2018;M0216;88;44;44;724
31/12/2019;M0216;89;43;46;724
31/12/2020;M0216;88;41;47;724
31/12/2021;M0216;86;39;47;724
31/12/2016;M0327;18;11;7;724
31/12/2017;M0327;19;10;9;724
31/12/2018;M0327;22;13;9;724
31/12/2019;M0327;22;13;9;724
31/12/2020;M0327;22;13;9;724
31/12/2021;M0327;23;14;9;724
31/12/2016;M0328;626;318;308;724
31/12/2017;M0328;633;319;314;724
31/12/2018;M0328;661;320;341;724
31/12/2019;M0328;612;319;293;724
31/12/2020;M0328;611;318;293;724
31/12/2021;M0328;604;318;286;724
31/12/2016;M0345;17;12;5;724
31/12/2017;M0345;17;13;4;724
31/12/2018;M0345;17;13;4;724
31/12/2019;M0345;17;13;4;724
31/12/2020;M0345;19;12;7;724
31/12/2021;M0345;0;12;7;724
31/12/2016;M0353;5;3;2;724
31/12/2017;M0353;5;3;2;724
31/12/2018;M0353;5;3;2;724
31/12/2019;M0353;5;3;2;724
31/12/2016;M0363;45;23;22;724
31/12/2017;M0363;44;24;21;724
31/12/2018;M0363;50;28;22;724
31/12/2019;M0363;50;29;21;724
31/12/2020;M0363;51;22;29;724
31/12/2021;M0363;59;27;32;724
31/12/2016;M0368;39;21;18;724
31/12/2017;M0368;47;25;22;724
31/12/2018;M0368;48;24;24;724
31/12/2019;M0368;52;29;23;724
31/12/2020;M0368;72;34;38;724
31/12/2021;M0368;76;37;39;724
31/12/2016;M0369;119;59;60;724
31/12/2017;M0369;122;58;64;724
31/12/2018;M0369;116;58;58;724
31/12/2019;M0369;105;53;52;724
31/12/2020;M0369;105;53;52;724
31/12/2021;M0369;105;54;51;724
31/12/2016;M0371;26;10;16;724
31/12/2017;M0371;26;10;16;724
31/12/2018;M0371;22;7;15;724
31/12/2019;M0371;20;6;14;724
31/12/2020;M0371;20;6;14;724
31/12/2021;M0371;20;6;14;724
31/12/2016;M0373;1;1;0;724
31/12/2017;M0373;1;1;0;724
31/12/2018;M0373;1;1;0;724
31/12/2019;M0373;1;1;0;724
31/12/2016;M0374;2;1;1;724
31/12/2017;M0374;2;1;1;724
31/12/2018;M0374;2;1;1;724
31/12/2019;M0374;2;1;1;724
31/12/2020;M0374;3;2;1;724
31/12/2021;M0374;3;2;1;724
31/12/2016;M0377;124;74;50;724
31/12/2017;M0377;56;34;22;724
31/12/2018;M0377;54;31;23;724
31/12/2019;M0377;49;27;22;724
31/12/2020;M0377;42;23;19;724
31/12/2021;M0377;39;22;17;724
31/12/2016;M0378;31;15;16;724
31/12/2017;M0378;32;18;14;724
31/12/2018;M0378;36;20;16;724
31/12/2019;M0378;38;21;17;724
31/12/2020;M0378;42;24;18;724
31/12/2021;M0378;42;24;18;724
31/12/2016;M0379;274;202;72;724
31/12/2017;M0379;283;214;69;724
31/12/2018;M0379;289;219;70;724
31/12/2019;M0379;274;209;65;724
31/12/2020;M0379;284;218;66;724
31/12/2021;M0379;251;190;61;724
31/12/2016;M0380;33;21;12;724
31/12/2017;M0380;29;19;10;724
31/12/2018;M0380;33;22;9;724
31/12/2019;M0380;37;27;10;724
31/12/2020;M0380;44;30;14;724
31/12/2021;M0380;44;32;12;724
31/12/2021;M0381;216;161;51;724
31/12/2016;P0023;6;1;5;724
31/12/2017;P0023;5;1;4;724
31/12/2018;P0023;5;1;4;724
31/12/2019;P0023;5;1;4;724
31/12/2016;P0034;1;0;1;724
31/12/2017;P0034;1;1;0;724
31/12/2018;P0034;1;1;0;724
31/12/2019;P0034;0;0;0;724
31/12/2020;P0034;0;0;0;724
31/12/2021;P0034;1;1;0;724
31/12/2016;P0041;9;3;6;724
31/12/2017;P0041;14;5;9;724
31/12/2018;P0041;14;6;9;724
31/12/2019;P0041;14;6;9;724
31/12/2016;P0046;2;0;2;724
31/12/2017;P0046;2;0;2;724
31/12/2018;P0046;2;0;2;724
31/12/2019;P0046;2;0;2;724
31/12/2020;P0046;2;0;2;724
31/12/2021;P0046;2;0;2;724
31/12/2016;P0081;39;19;20;724
31/12/2017;P0081;37;17;20;724
31/12/2018;P0081;40;20;20;724
31/12/2019;P0081;39;16;23;724
31/12/2016;P0085;2;0;2;724
31/12/2017;P0085;2;0;2;724
31/12/2018;P0085;2;0;2;724
31/12/2019;P0085;2;0;2;724
31/12/2020;P0085;2;0;2;724
31/12/2021;P0085;2;0;2;724
31/12/2016;P0155;8;2;6;724
31/12/2017;P0155;7;5;2;724
31/12/2018;P0155;8;5;3;724
31/12/2019;P0155;7;5;2;724
31/12/2020;P0155;6;3;3;724
31/12/2021;P0155;6;4;2;724
31/12/2016;P0159;3;3;0;724
31/12/2017;P0159;3;3;0;724
31/12/2018;P0159;3;3;0;724
31/12/2019;P0159;3;3;0;724
31/12/2020;P0159;0;0;0;724
31/12/2021;P0159;2;0;0;724
31/12/2016;P0179;4;3;1;724
31/12/2017;P0179;4;3;1;724
31/12/2018;P0179;4;3;1;724
31/12/2019;P0179;4;3;1;724
31/12/2020;P0179;4;3;1;724
31/12/2021;P0179;4;3;1;724
31/12/2016;P0226;1;0;0;724
31/12/2017;P0226;1;0;0;724
31/12/2018;P0226;1;0;0;724
31/12/2016;P0244;2;2;0;724
31/12/2017;P0244;3;0;3;724
31/12/2018;P0244;2;0;2;724
31/12/2019;P0244;2;0;2;724
31/12/2020;P0244;2;0;2;724
31/12/2021;P0244;2;0;2;724
31/12/2016;P0285;22;12;10;724
31/12/2017;P0285;19;11;8;724
31/12/2018;P0285;25;0;0;724
31/12/2019;P0285;19;9;10;724
31/12/2020;P0285;17;9;8;724
31/12/2021;P0285;17;9;8;724
31/12/2016;P0295;4;2;2;724
31/12/2017;P0295;4;2;2;724
31/12/2018;P0295;4;2;2;724
31/12/2019;P0295;4;2;2;724
31/12/2020;P0295;4;2;2;724
31/12/2021;P0295;4;2;2;724
31/12/2016;P0810;9;7;2;724
31/12/2017;P0810;5;4;1;724
31/12/2018;P0810;5;4;1;724
31/12/2019;P0810;5;4;1;724
31/12/2020;P0810;5;4;1;724
31/12/2021;P0810;5;4;1;724
31/12/2016;P1430;3;3;0;724
31/12/2017;P1430;3;3;0;724
31/12/2018;P1430;3;3;0;724
31/12/2019;P1430;3;3;0;724
31/12/2020;P1430;3;3;0;724
31/12/2021;P1430;3;3;0;724
31/12/2016;P1639;175;72;103;724
31/12/2017;P1639;195;83;112;724
31/12/2019;P1639;206;90;116;724
31/12/2020;P1639;188;82;106;724
31/12/2021;P1639;197;93;104;724
31/12/2016;P1703;14;9;5;724
31/12/2017;P1703;14;9;5;724
31/12/2018;P1703;14;9;5;724
31/12/2019;P1703;14;10;4;724
31/12/2020;P1703;16;11;5;724
31/12/2021;P1703;15;10;5;724
31/12/2016;P1840;15;9;6;724
31/12/2017;P1840;20;12;8;724
31/12/2018;P1840;19;8;11;724
31/12/2019;P1840;19;8;11;724
31/12/2020;P1840;19;8;11;724
31/12/2021;P1840;19;8;11;724
31/12/2016;P1875;10;9;1;724
31/12/2017;P1875;9;8;1;724
31/12/2018;P1875;9;8;1;724
31/12/2019;P1875;10;10;1;724
31/12/2020;P1875;12;11;1;724
31/12/2021;P1875;12;11;1;724
31/12/2016;P2131;92;53;39;724
31/12/2017;P2131;97;54;43;724
31/12/2018;P2131;100;59;41;724
31/12/2019;P2131;104;63;41;724
31/12/2020;P2131;120;68;52;724
31/12/2021;P2131;136;56;80;724
31/12/2016;P2136;1;0;1;724
31/12/2017;P2136;1;0;1;724
31/12/2018;P2136;1;0;1;724
31/12/2019;P2136;1;0;1;724
31/12/2020;P2136;1;0;1;724
31/12/2021;P2136;1;0;1;724
31/12/2016;P2300;4;2;2;724
31/12/2017;P2300;4;2;2;724
31/12/2018;P2300;2;2;2;724
31/12/2019;P2300;2;1;1;724
31/12/2016;P2345;4;0;4;724
31/12/2017;P2345;4;0;4;724
31/12/2018;P2345;6;2;4;724
31/12/2019;P2345;60;3;3;724
31/12/2020;P2345;0;3;3;724
31/12/2021;P2345;6;3;3;724
31/12/2016;P2381;578;434;142;724
31/12/2017;P2381;551;422;129;724
31/12/2018;P2381;525;401;124;724
31/12/2019;P2381;538;401;137;724
31/12/2020;P2381;206;157;49;724
31/12/2016;P2397;2;2;0;724
31/12/2017;P2397;2;2;0;724
31/12/2018;P2397;2;2;0;724
31/12/2019;P2397;2;2;0;724
31/12/2020;P2397;2;2;0;724
31/12/2021;P2397;2;2;0;724
31/12/2016;P2605;1;0;0;724
31/12/2017;P2605;1;0;0;724
31/12/2018;P2605;1;0;0;724
31/12/2019;P2605;1;0;0;724
31/12/2020;P2605;1;0;0;724
31/12/2021;P2605;1;0;0;724
31/12/2016;P2636;0;0;0;724
31/12/2017;P2636;0;0;0;724
31/12/2018;P2636;0;0;0;724
31/12/2019;P2636;0;0;0;724
31/12/2020;P2636;0;0;0;724
31/12/2021;P2636;0;0;0;724
31/12/2016;P2651;2;0;2;724
31/12/2017;P2651;3;0;0;724
31/12/2018;P2651;3;1;2;724
31/12/2019;P2651;3;1;2;724
31/12/2020;P2651;3;1;2;724
31/12/2021;P2651;2;0;2;724
31/12/2016;P2714;5;5;0;724
31/12/2017;P2714;5;5;0;724
31/12/2018;P2714;8;7;1;724
31/12/2019;P2714;7;6;1;724
31/12/2020;P2714;3;3;0;724
31/12/2021;P2714;3;3;0;724
31/12/2016;P2925;4;2;2;724
31/12/2017;P2925;4;2;2;724
31/12/2018;P2925;4;2;2;724
31/12/2019;P2925;3;2;1;724
31/12/2020;P2925;3;2;2;724
31/12/2021;P2925;1;1;0;724
31/12/2016;P2994;23;16;7;724
31/12/2017;P2994;25;16;9;724
31/12/2018;P2994;24;13;11;724
31/12/2019;P2994;28;15;13;724
31/12/2020;P2994;27;14;13;724
31/12/2021;P2994;26;14;12;724
31/12/2016;P2997;15;0;0;724
31/12/2017;P2997;13;8;5;724
31/12/2018;P2997;14;8;6;724
31/12/2019;P2997;13;7;6;724
31/12/2020;P2997;13;7;6;724
31/12/2021;P2997;14;7;7;724
31/12/2016;P3028;195;106;89;724
31/12/2017;P3028;188;99;89;724
31/12/2018;P3028;182;101;81;724
31/12/2019;P3028;187;104;83;724
31/12/2020;P3028;218;115;103;724
31/12/2021;P3028;223;123;100;724
31/12/2016;P3074;1;0;1;724
31/12/2017;P3074;1;0;1;724
31/12/2018;P3074;1;0;1;724
31/12/2019;P3074;1;0;1;724
31/12/2020;P3074;1;0;1;724
31/12/2021;P3074;1;0;1;724
31/12/2016;P3132;32;22;10;724
31/12/2017;P3132;32;22;10;724
31/12/2018;P3132;36;24;12;724
31/12/2019;P3132;35;25;10;724
31/12/2020;P3132;38;24;14;724
31/12/2021;P3132;36;24;12;724
31/12/2016;P3138;0;0;0;724
31/12/2017;P3138;0;0;0;724
31/12/2018;P3138;0;0;0;724
31/12/2019;P3138;0;0;0;724
31/12/2020;P3138;0;0;0;724
31/12/2021;P3138;0;0;0;724
31/12/2016;P3141;2;1;1;724
31/12/2017;P3141;2;1;1;724
31/12/2018;P3141;2;1;1;724
31/12/2019;P3141;2;1;1;724
31/12/2020;P3141;2;1;1;724
31/12/2021;P3141;2;1;1;724
31/12/2016;P3142;1;0;1;724
31/12/2017;P3142;1;0;1;724
31/12/2018;P3142;1;0;1;724
31/12/2019;P3142;1;0;1;724
31/12/2020;P3142;1;0;1;724
31/12/2021;P3142;1;0;1;724
31/12/2016;P3143;9;4;5;724
31/12/2017;P3143;9;5;4;724
31/12/2018;P3143;9;5;4;724
31/12/2019;P3143;9;5;4;724
31/12/2020;P3143;10;6;4;724
31/12/2021;P3143;10;5;5;724
31/12/2016;P3151;16;13;3;724
31/12/2017;P3151;16;12;4;724
31/12/2018;P3151;16;13;3;724
31/12/2019;P3151;16;12;4;724
31/12/2020;P3151;25;16;9;724
31/12/2021;P3151;16;12;4;724
31/12/2016;P3156;4;2;2;724
31/12/2017;P3156;4;2;2;724
31/12/2018;P3156;4;2;2;724
31/12/2019;P3156;3;2;1;724
31/12/2020;P3156;4;2;2;724
31/12/2021;P3156;6;2;4;724
31/12/2016;P3157;85;28;57;724
31/12/2017;P3157;90;59;31;724
31/12/2018;P3157;102;64;38;724
31/12/2019;P3157;116;76;40;724
31/12/2020;P3157;129;84;47;724
31/12/2021;P3157;139;91;48;724
31/12/2016;P3158;22;10;12;724
31/12/2017;P3158;25;10;15;724
31/12/2018;P3158;24;10;14;724
31/12/2019;P3158;27;15;12;724
31/12/2020;P3158;29;13;16;724
31/12/2021;P3158;29;14;15;724
31/12/2016;P3159;38;18;20;724
31/12/2017;P3159;34;15;19;724
31/12/2018;P3159;37;16;21;724
31/12/2019;P3159;38;18;20;724
31/12/2020;P3159;41;19;22;724
31/12/2021;P3159;41;21;20;724
31/12/2016;P3161;49;34;15;724
31/12/2017;P3161;46;30;16;724
31/12/2018;P3161;46;30;16;724
31/12/2019;P3161;46;30;16;724
31/12/2020;P3161;47;29;18;724
31/12/2021;P3161;46;28;18;724
31/12/2016;P3162;49;27;22;724
31/12/2017;P3162;44;24;20;724
31/12/2018;P3162;41;22;19;724
31/12/2019;P3162;43;22;21;724
31/12/2020;P3162;40;19;21;724
31/12/2021;P3162;38;18;20;724
31/12/2016;P3163;28;20;8;724
31/12/2017;P3163;30;22;8;724
31/12/2018;P3163;32;20;12;724
31/12/2019;P3163;28;20;8;724
31/12/2020;P3163;33;22;11;724
31/12/2021;P3163;30;30;13;724
31/12/2016;P3164;3;1;2;724
31/12/2017;P3164;3;1;2;724
31/12/2018;P3164;4;1;3;724
31/12/2019;P3164;3;3;0;724
31/12/2020;P3164;3;3;0;724
31/12/2021;P3164;3;3;0;724
31/12/2016;R0011;48;24;24;724
31/12/2017;R0011;48;24;24;724
31/12/2018;R0011;53;27;26;724
31/12/2019;R0011;59;30;29;724
31/12/2020;R0011;59;30;29;724
31/12/2021;R0011;60;30;30;724
31/12/2016;R0019;355;176;179;724
31/12/2017;R0019;204;99;105;724
31/12/2018;R0019;205;100;105;724
31/12/2019;R0019;359;204;200;724
31/12/2020;R0019;426;214;212;724
31/12/2021;R0019;415;213;202;724
31/12/2019;R0021;1;0;1;724
31/12/2020;R0021;4;1;3;724
31/12/2021;R0021;4;1;3;724
31/12/2016;R1000;3;2;1;724
31/12/2017;R1000;0;3;1;724
31/12/2018;R1000;7;3;4;724
31/12/2019;R1000;7;3;4;724
31/12/2020;R1000;7;3;4;724
31/12/2021;R1000;11;5;6;724
31/12/2022;C0001;0;0;0;724
31/12/2022;C0002;38;19;19;724
31/12/2022;C0007;34;18;16;724
31/12/2022;C0012;44;20;24;724
31/12/2022;C0016;95;46;51;724
31/12/2022;C0026;278;133;145;724
31/12/2022;C0031;1584;841;743;724
31/12/2022;C0032;10;5;5;724
31/12/2022;C0037;40;19;21;724
31/12/2022;C0039;140;74;66;724
31/12/2022;C0046;2569;1258;1311;724
31/12/2022;C0058;7483;4141;3342;724
31/12/2022;C0069;113;61;52;724
31/12/2022;C0072;892;327;565;724
31/12/2022;C0075;141;70;71;724
31/12/2022;C0089;148;64;84;724
31/12/2022;C0109;1828;865;963;724
31/12/2022;C0114;6;4;2;724
31/12/2022;C0120;5;2;3;724
31/12/2022;C0121;15;8;7;724
31/12/2022;C0124;1920;1206;714;724
31/12/2022;C0133;1705;586;1119;724
31/12/2022;C0139;122;55;67;724
31/12/2022;C0140;42;28;14;724
31/12/2022;C0155;319;191;128;724
31/12/2022;C0157;591;273;318;724
31/12/2022;C0161;791;481;310;724
31/12/2022;C0174;800;311;489;724
31/12/2022;C0188;95;37;58;724
31/12/2022;C0208;9;5;4;724
31/12/2022;C0215;46;30;16;724
31/12/2022;C0222;22;0;0;724
31/12/2022;C0223;109;77;32;724
31/12/2022;C0225;42;30;12;724
31/12/2022;C0247;28;17;11;724
31/12/2022;C0275;283;164;119;724
31/12/2022;C0279;94;46;48;724
31/12/2022;C0311;58;27;31;724
31/12/2022;C0315;6;2;4;724
31/12/2022;C0320;1051;663;388;724
31/12/2022;C0323;3;1;2;724
31/12/2022;C0325;41;27;14;724
31/12/2022;C0353;22;18;4;724
31/12/2022;C0355;6;3;3;724
31/12/2022;C0368;39;21;18;724
31/12/2022;C0384;33;16;17;724
31/12/2022;C0391;40;30;10;724
31/12/2022;C0394;30;20;10;724
31/12/2022;C0396;123;81;42;724
31/12/2022;C0416;162;98;64;724
31/12/2022;C0437;95;71;24;724
31/12/2022;C0448;45;25;20;724
31/12/2022;C0461;989;577;412;724
31/12/2022;C0465;17;10;7;724
31/12/2022;C0467;1600;1024;576;724
31/12/2022;C0468;467;131;336;724
31/12/2022;C0494;29;21;8;724
31/12/2022;C0502;120;81;39;724
31/12/2022;C0511;1207;533;674;724
31/12/2022;C0516;414;249;165;724
31/12/2022;C0517;295;105;190;724
31/12/2022;C0557;190;117;73;724
31/12/2022;C0559;104;68;36;724
31/12/2022;C0571;251;118;133;724
31/12/2022;C0572;111;73;38;724
31/12/2022;C0595;2;2;0;724
31/12/2022;C0601;5;2;3;724
31/12/2022;C0610;15;10;5;724
31/12/2022;C0611;758;406;352;724
31/12/2022;C0613;975;512;463;724
31/12/2022;C0616;4;3;1;724
31/12/2022;C0626;10;5;5;724
31/12/2022;C0627;28;17;11;724
31/12/2022;C0628;62;34;28;724
31/12/2022;C0631;0;23;12;724
31/12/2022;C0637;24;15;9;724
31/12/2022;C0643;18;10;8;724
31/12/2022;c0654;54;23;31;724
31/12/2022;C0676;865;440;439;724
31/12/2022;C0677;56;26;30;724
31/12/2022;C0682;4;1;3;724
31/12/2022;C0683;7;5;2;724
31/12/2022;C0693;6;2;4;724
31/12/2022;C0696;5;2;3;724
31/12/2022;C0697;181;114;67;724
31/12/2022;C0706;213;90;123;724
31/12/2022;C0708;274;163;111;724
31/12/2022;C0709;55;31;24;724
31/12/2022;C0711;104;71;33;724
31/12/2022;C0715;161;84;77;724
31/12/2022;C0720;2162;1310;852;724
31/12/2022;C0721;56;44;12;724
31/12/2022;C0723;1963;1268;695;724
31/12/2022;C0736;454;231;221;724
31/12/2022;C0737;71;34;37;724
31/12/2022;C0744;3;2;1;724
31/12/2022;C0754;12;9;3;724
31/12/2022;C0756;19;10;9;724
31/12/2022;C0757;33;20;13;724
31/12/2022;C0758;196;121;75;724
31/12/2022;C0767;124;0;0;724
31/12/2022;C0771;17;6;11;724
31/12/2022;C0777;14;5;9;724
31/12/2022;C0780;16;7;9;724
31/12/2022;C0784;30;17;2;724
31/12/2022;C0785;100;47;53;724
31/12/2022;C0789;59;20;39;724
31/12/2022;C0790;86;59;27;724
31/12/2022;C0791;1;0;1;724
31/12/2022;C0793;8;3;5;724
31/12/2022;C0794;512;221;291;724
31/12/2022;C0795;21;11;10;724
31/12/2022;C0796;17;4;13;724
31/12/2022;C0797;24;14;10;724
31/12/2022;C0801;28;10;18;724
31/12/2022;C0802;10;4;6;724
31/12/2022;C0803;2;0;2;724
31/12/2022;C0804;24;13;12;724
31/12/2022;C0805;277;162;115;724
31/12/2022;C0806;13;5;8;724
31/12/2022;C0807;78;47;31;724
31/12/2022;C0808;77;37;40;724
31/12/2022;C0809;15;6;9;724
31/12/2022;C0810;24;14;10;724
31/12/2022;C0811;5;1;4;724
31/12/2022;E0223;18;9;9;724
31/12/2022;M0046;8;4;4;724
31/12/2022;M0050;504;309;195;724
31/12/2022;M0083;1674;930;744;724
31/12/2022;M0084;154;71;83;724
31/12/2022;M0102;42;25;17;724
31/12/2022;M0107;45;21;24;724
31/12/2022;M0124;4;0;4;724
31/12/2022;M0134;881;509;372;724
31/12/2022;M0140;48;22;26;724
31/12/2022;M0167;8;2;6;724
31/12/2022;M0177;3;2;1;724
31/12/2022;M0189;3;1;2;724
31/12/2022;M0191;64;21;43;724
31/12/2022;M0199;158;85;73;724
31/12/2022;M0212;8;4;4;724
31/12/2022;M0216;94;42;52;724
31/12/2022;M0327;24;11;13;724
31/12/2022;M0328;584;318;266;724
31/12/2022;M0345;18;11;7;724
31/12/2022;M0363;75;32;43;724
31/12/2022;M0368;83;40;43;724
31/12/2022;M0369;101;49;52;724
31/12/2022;M0371;20;6;14;724
31/12/2022;M0374;4;3;1;724
31/12/2022;M0377;35;20;15;724
31/12/2022;M0378;44;26;18;724
31/12/2022;M0379;230;0;0;724
31/12/2022;M0380;44;32;12;724
31/12/2022;M0381;187;147;40;724
31/12/2022;P0046;2;0;2;724
31/12/2022;P0085;2;0;2;724
31/12/2022;P0155;7;5;2;724
31/12/2022;P0159;2;0;0;724
31/12/2022;P0244;2;0;2;724
31/12/2022;P0285;20;12;8;724
31/12/2022;P0295;4;2;2;724
31/12/2022;P0810;4;4;1;724
31/12/2022;P1430;3;3;0;724
31/12/2022;P1639;208;101;107;724
31/12/2022;P1703;16;11;5;724
31/12/2022;P1840;19;8;11;724
31/12/2022;P1875;11;8;3;724
31/12/2022;P2131;140;79;61;724
31/12/2022;P2136;1;0;1;724
31/12/2022;P2345;6;3;3;724
31/12/2022;P2605;1;0;0;724
31/12/2022;P2651;2;0;2;724
31/12/2022;P2714;3;3;0;724
31/12/2022;P2925;1;1;0;724
31/12/2022;P2994;27;15;12;724
31/12/2022;P2997;14;7;7;724
31/12/2022;P3028;234;127;107;724
31/12/2022;P3074;1;0;1;724
31/12/2022;P3132;37;24;13;724
31/12/2022;P3138;0;0;0;724
31/12/2022;P3141;2;1;1;724
31/12/2022;P3142;1;0;1;724
31/12/2022;P3143;11;6;5;724
31/12/2022;P3151;18;0;0;724
31/12/2022;P3156;6;2;4;724
31/12/2022;P3157;169;106;63;724
31/12/2022;P3158;33;16;17;724
31/12/2022;P3159;44;24;20;724
31/12/2022;P3161;48;29;19;724
31/12/2022;P3162;34;18;16;724
31/12/2022;P3164;1;1;0;724
31/12/2022;R0011;59;29;30;724
31/12/2022;R0019;424;225;199;724
31/12/2022;R0021;4;1;3;724
31/12/2022;R1000;12;5;7;724
31/12/2023;C0001;0;0;0;724
31/12/2023;C0002;38;18;20;724
31/12/2023;C0007;20;0;0;724
31/12/2023;C0012;45;20;25;724
31/12/2023;C0016;96;43;55;724
31/12/2023;C0031;1619;860;759;724
31/12/2023;C0037;45;22;23;724
31/12/2023;C0039;149;80;69;724
31/12/2023;C0046;2623;1285;1338;724
31/12/2023;C0058;7320;4130;3190;724
31/12/2023;C0069;108;58;50;724
31/12/2023;C0072;880;334;546;724
31/12/2023;C0075;132;68;66;724
31/12/2023;C0089;152;57;95;724
31/12/2023;C0109;1868;984;884;724
31/12/2023;C0114;6;4;2;724
31/12/2023;C0120;4;1;3;724
31/12/2023;C0121;17;9;8;724
31/12/2023;C0124;1988;1262;726;724
31/12/2023;C0133;1705;617;1088;724
31/12/2023;C0139;120;50;70;724
31/12/2023;C0140;46;29;17;724
31/12/2023;C0155;339;215;124;724
31/12/2023;C0157;601;276;325;724
31/12/2023;C0161;805;494;311;724
31/12/2023;C0174;848;329;519;724
31/12/2023;C0188;96;38;58;724
31/12/2023;C0208;9;6;3;724
31/12/2023;C0215;46;30;16;724
31/12/2023;C0222;29;18;11;724
31/12/2023;C0223;127;92;35;724
31/12/2023;C0225;42;29;13;724
31/12/2023;C0247;37;24;13;724
31/12/2023;C0275;274;161;113;724
31/12/2023;C0279;92;47;45;724
31/12/2023;C0311;67;32;35;724
31/12/2023;C0315;5;2;3;724
31/12/2023;C0320;1139;417;722;724
31/12/2023;C0323;2;1;2;724
31/12/2023;C0325;44;30;14;724
31/12/2023;C0355;6;3;3;724
31/12/2023;C0368;38;24;14;724
31/12/2023;C0391;43;32;11;724
31/12/2023;C0394;37;23;14;724
31/12/2023;C0396;123;83;40;724
31/12/2023;C0416;154;88;66;724
31/12/2023;C0437;103;77;26;724
31/12/2023;C0448;43;24;19;724
31/12/2023;C0461;1023;599;424;724
31/12/2023;C0465;14;8;6;724
31/12/2023;C0467;1611;1031;580;724
31/12/2023;C0468;953;358;595;724
31/12/2023;C0494;29;21;8;724
31/12/2023;C0502;123;84;39;724
31/12/2023;C0511;1199;542;657;724
31/12/2023;C0516;408;242;166;724
31/12/2023;C0557;192;121;71;724
31/12/2023;C0559;148;85;63;724
31/12/2023;C0571;263;138;125;724
31/12/2023;C0572;118;79;39;724
31/12/2023;C0595;2;2;0;724
31/12/2023;C0601;5;2;3;724
31/12/2023;C0610;18;13;5;724
31/12/2023;C0611;758;406;352;724
31/12/2023;C0613;969;515;454;724
31/12/2023;C0616;4;3;1;724
31/12/2023;C0627;31;18;14;724
31/12/2023;C0628;67;37;30;724
31/12/2023;C0631;0;23;13;724
31/12/2023;C0637;34;19;15;724
31/12/2023;C0654;55;22;33;724
31/12/2023;C0676;88;36;52;724
31/12/2023;C0682;4;0;0;724
31/12/2023;C0683;9;5;4;724
31/12/2023;C0693;6;2;4;724
31/12/2023;C0696;6;3;3;724
31/12/2023;C0697;221;77;144;724
31/12/2023;C0708;252;154;98;724
31/12/2023;C0709;94;56;36;724
31/12/2023;C0711;103;72;31;724
31/12/2023;C0720;2214;1355;859;724
31/12/2023;C0721;60;47;13;724
31/12/2023;C0723;2130;1291;839;724
31/12/2023;C0736;460;229;231;724
31/12/2023;C0737;70;29;41;724
31/12/2023;C0744;3;2;1;724
31/12/2023;C0754;15;11;4;724
31/12/2023;C0757;32;19;13;724
31/12/2023;C0758;203;126;77;724
31/12/2023;C0767;128;72;56;724
31/12/2023;C0771;16;7;9;724
31/12/2023;C0777;14;5;9;724
31/12/2023;C0780;16;7;9;724
31/12/2023;C0784;29;16;13;724
31/12/2023;C0785;89;47;42;724
31/12/2023;C0789;62;20;42;724
31/12/2023;C0790;89;61;28;724
31/12/2023;C0791;1;0;1;724
31/12/2023;C0793;2;1;1;724
31/12/2023;C0794;476;213;263;724
31/12/2023;C0795;21;11;10;724
31/12/2023;C0796;16;4;12;724
31/12/2023;C0797;24;14;10;724
31/12/2023;C0801;22;17;5;724
31/12/2023;C0802;10;4;6;724
31/12/2023;C0803;2;0;2;724
31/12/2023;C0804;24;13;12;724
31/12/2023;C0805;306;171;135;724
31/12/2023;C0806;12;4;8;724
31/12/2023;C0807;101;52;49;724
31/12/2023;C0808;92;42;50;724
31/12/2023;C0809;17;7;10;724
31/12/2023;C0810;28;16;12;724
31/12/2023;C0811;13;3;10;724
31/12/2023;E0223;21;12;9;724
31/12/2023;E0253;11;3;8;724
31/12/2023;M0046;8;4;4;724
31/12/2023;M0050;494;309;185;724
31/12/2023;M0083;1790;983;807;724
31/12/2023;M0084;153;71;82;724
31/12/2023;M0102;41;24;17;724
31/12/2023;M0107;47;21;27;724
31/12/2023;M0124;4;0;4;724
31/12/2023;M0134;885;518;367;724
31/12/2023;M0140;49;25;24;724
31/12/2023;M0167;8;3;5;724
31/12/2023;M0177;3;2;1;724
31/12/2023;M0189;3;1;2;724
31/12/2023;M0191;64;20;43;724
31/12/2023;M0199;193;108;85;724
31/12/2023;M0212;8;4;4;724
31/12/2023;M0216;97;49;48;724
31/12/2023;M0327;23;11;12;724
31/12/2023;M0328;584;318;266;724
31/12/2023;M0345;18;11;7;724
31/12/2023;M0363;79;36;43;724
31/12/2023;M0368;79;39;40;724
31/12/2023;M0369;108;57;51;724
31/12/2023;M0371;22;8;14;724
31/12/2023;M0374;0;3;1;724
31/12/2023;M0377;31;18;13;724
31/12/2023;M0378;46;26;20;724
31/12/2023;M0379;244;185;59;724
31/12/2023;M0380;46;27;19;724
31/12/2023;M0381;184;148;36;724
31/12/2023;P0046;2;0;2;724
31/12/2023;P0085;2;0;2;724
31/12/2023;P0155;0;0;0;724
31/12/2023;P0285;24;14;10;724
31/12/2023;P0295;4;2;2;724
31/12/2023;P0810;4;4;0;724
31/12/2023;P1430;3;3;0;724
31/12/2023;P1639;211;110;101;724
31/12/2023;P1703;17;12;5;724
31/12/2023;P1840;12;5;7;724
31/12/2023;P1875;9;7;2;724
31/12/2023;P2131;151;88;62;724
31/12/2023;P2136;1;0;1;724
31/12/2023;P2605;1;0;0;724
31/12/2023;P2651;2;0;2;724
31/12/2023;P2925;1;1;0;724
31/12/2023;P2994;27;14;13;724
31/12/2023;P2997;14;7;7;724
31/12/2023;P3028;227;123;104;724
31/12/2023;P3074;1;0;1;724
31/12/2023;P3132;38;24;14;724
31/12/2023;P3138;1;0;1;724
31/12/2023;P3141;2;1;1;724
31/12/2023;P3142;1;0;1;724
31/12/2023;P3143;11;6;5;724
31/12/2023;P3151;21;16;5;724
31/12/2023;P3156;5;2;3;724
31/12/2023;P3157;172;108;64;724
31/12/2023;P3158;34;17;17;724
31/12/2023;P3159;42;21;21;724
31/12/2023;P3161;46;27;19;724
31/12/2023;P3162;34;18;16;724
31/12/2023;R0011;68;36;32;724
31/12/2023;R0019;425;221;204;724
31/12/2023;R0021;4;1;3;724
31/12/2024;C0157;607;293;316;724
31/12/2024;C0161;838;523;315;724
31/12/2024;C0174;857;520;337;724
31/12/2024;C0188;98;59;39;724
31/12/2024;C0208;9;6;3;724
31/12/2024;C0215;47;30;17;724
31/12/2024;C0222;29;19;10;724
31/12/2024;C0223;129;95;34;724
31/12/2024;C0225;45;32;13;724
31/12/2024;C0247;43;26;17;724
31/12/2024;C0279;91;46;45;724
31/12/2024;C0311;67;35;32;724
31/12/2024;C0315;6;3;3;724
31/12/2024;C0320;1168;742;426;724
31/12/2024;C0323;3;1;2;724
31/12/2024;C0325;45;32;13;724
31/12/2024;C0355;5;4;1;724
31/12/2024;C0368;37;0;0;724
31/12/2024;C0391;43;32;11;724
31/12/2024;C0394;33;21;12;724
31/12/2024;C0396;125;85;40;724
31/12/2024;C0416;147;88;59;724
31/12/2024;C0437;123;96;27;724
31/12/2024;C0448;40;25;15;724
31/12/2024;C0461;1093;646;447;724
31/12/2024;C0465;18;11;7;724
31/12/2024;C0467;1608;1030;578;724
31/12/2024;C0468;981;455;526;724
31/12/2024;C0494;16;11;5;724
31/12/2024;C0502;124;84;40;724
31/12/2024;C0511;1193;542;651;724
31/12/2024;C0516;413;245;168;724
31/12/2024;C0557;186;114;72;724
31/12/2024;C0559;134;71;63;724
31/12/2024;C0571;273;133;140;724
31/12/2024;C0572;122;83;39;724
31/12/2024;C0595;2;2;0;724
31/12/2024;C0601;5;3;2;724
31/12/2024;C0610;15;11;4;724
31/12/2024;C0611;865;411;455;724
31/12/2024;C0613;990;535;455;724
31/12/2024;C0616;4;4;0;724
31/12/2024;C0627;31;18;13;724
31/12/2024;C0628;60;34;26;724
31/12/2024;C0631;0;22;21;724
31/12/2024;C0637;35;20;15;724
31/12/2024;C0654;57;22;35;724
31/12/2024;C0676;89;36;53;724
31/12/2024;C0682;2;0;2;724
31/12/2024;C0683;10;6;4;724
31/12/2024;C0693;6;2;4;724
31/12/2024;C0696;5;2;3;724
31/12/2024;C0697;221;144;77;724
31/12/2024;C0711;103;72;31;724
31/12/2024;C0720;2147;1315;832;724
31/12/2024;C0721;67;52;15;724
31/12/2024;C0723;2385;0;0;724
31/12/2024;C0736;462;236;226;724
31/12/2024;C0737;69;28;41;724
31/12/2024;C0744;3;2;1;724
31/12/2024;C0754;16;10;6;724
31/12/2024;C0757;32;19;13;724
31/12/2024;C0758;208;128;80;724
31/12/2024;C0767;130;73;57;724
31/12/2024;C0771;16;7;9;724
31/12/2024;C0777;15;7;8;724
31/12/2024;C0780;16;9;7;724
31/12/2024;C0784;33;17;16;724
31/12/2024;C0785;87;47;40;724
31/12/2024;C0789;63;22;41;724
31/12/2024;C0790;129;84;45;724
31/12/2024;C0791;1;0;1;724
31/12/2024;C0793;2;1;1;724
31/12/2024;C0794;468;211;257;724
31/12/2024;C0795;19;10;9;724
31/12/2024;C0796;16;5;11;724
31/12/2024;C0797;23;14;9;724
31/12/2024;C0801;25;9;16;724
31/12/2024;C0802;10;4;6;724
31/12/2024;C0803;2;0;2;724
31/12/2024;C0805;298;170;128;724
31/12/2024;C0806;12;4;8;724
31/12/2024;C0807;133;73;60;724
31/12/2024;C0808;100;46;54;724
31/12/2024;C0001;0;0;0;724
31/12/2024;C0002;34;17;17;724
31/12/2024;C0007;40;21;19;724
31/12/2024;C0012;47;24;23;724
31/12/2024;C0016;109;58;51;724
31/12/2024;C0031;1655;889;766;724
31/12/2024;C0037;38;17;21;724
31/12/2024;C0039;148;82;66;724
31/12/2024;C0046;2714;1329;1384;724
31/12/2024;C0058;7282;4131;3151;724
31/12/2024;C0069;104;60;44;724
31/12/2024;C0072;866;331;535;724
31/12/2024;C0075;132;68;66;724
31/12/2024;C0089;155;60;95;724
31/12/2024;C0109;1862;978;884;724
31/12/2024;C0114;7;5;2;724
31/12/2024;C0120;3;1;2;724
31/12/2024;C0124;1989;1272;717;724
31/12/2024;C0133;1694;636;1058;724
31/12/2024;C0139;118;48;70;724
31/12/2024;C0140;49;31;18;724
31/12/2024;C0155;334;204;130;724
31/12/2024;C0809;17;7;10;724
31/12/2024;C0810;28;14;14;724
31/12/2024;C0811;16;5;11;724
31/12/2024;C0812;6;5;1;724
31/12/2024;E0223;26;13;13;724
31/12/2024;E0253;11;3;8;724
31/12/2024;M0046;8;3;5;724
31/12/2024;M0050;483;305;178;724
31/12/2024;M0083;1850;1006;844;724
31/12/2024;M0084;155;71;84;724
31/12/2024;M0102;45;19;26;724
31/12/2024;M0107;49;22;27;724
31/12/2024;M0124;4;0;4;724
31/12/2024;M0134;896;530;366;724
31/12/2024;M0140;48;26;22;724
31/12/2024;M0167;7;3;4;724
31/12/2024;M0177;2;2;0;724
31/12/2024;M0189;3;1;2;724
31/12/2024;M0191;63;21;42;724
31/12/2024;M0199;188;105;83;724
31/12/2024;M0212;9;5;4;724
31/12/2024;M0216;103;51;52;724
31/12/2024;M0327;23;11;12;724
31/12/2024;M0328;556;310;246;724
31/12/2024;M0345;18;11;7;724
31/12/2024;M0363;86;38;48;724
31/12/2024;M0368;79;39;40;724
31/12/2024;M0369;106;50;56;724
31/12/2024;M0371;22;8;14;724
31/12/2024;M0374;4;3;1;724
31/12/2024;M0377;31;18;13;724
31/12/2024;M0378;47;25;22;724
31/12/2024;M0379;261;195;66;724
31/12/2024;M0380;49;34;15;724
31/12/2024;M0381;190;146;44;724
31/12/2024;P0046;2;0;2;724
31/12/2024;P0085;2;0;2;724
31/12/2024;P0285;25;16;9;724
31/12/2024;P0295;4;2;2;724
31/12/2024;P0810;3;3;0;724
31/12/2024;P1639;205;106;99;724
31/12/2024;P1703;14;0;0;724
31/12/2024;P1840;29;19;10;724
31/12/2024;P1875;11;8;3;724
31/12/2024;P2131;175;103;72;724
31/12/2024;P2136;1;0;1;724
31/12/2024;P2605;1;0;0;724
31/12/2024;P2651;2;0;2;724
31/12/2024;P2925;1;1;0;724
31/12/2024;P2994;27;14;13;724
31/12/2024;P2997;14;7;7;724
31/12/2024;P3028;234;125;109;724
31/12/2024;P3074;1;0;1;724
31/12/2024;P3132;41;25;16;724
31/12/2024;P3138;1;0;0;724
31/12/2024;P3142;1;0;1;724
31/12/2024;P3143;10;5;5;724
31/12/2024;P3151;26;21;5;724
31/12/2024;P3156;1;1;0;724
31/12/2024;P3157;184;113;71;724
31/12/2024;P3158;36;17;19;724
31/12/2024;P3159;47;23;24;724
31/12/2024;P3161;45;26;18;724
31/12/2024;P3162;31;15;16;724
31/12/2024;R0011;70;35;35;724
31/12/2024;R0019;449;237;212;724
31/12/2024;R0021;4;1;3;724
